CREATE TABLE T_SV_CIDADE (
    CD_CIDADE   INTEGER NOT NULL,
    NM_CIDADE   VARCHAR(80),
    CD_UF       INTEGER NOT NULL
);

ALTER TABLE T_SV_CIDADE ADD CONSTRAINT T_SV_CIDADE_PK PRIMARY KEY ( CD_CIDADE );

CREATE TABLE T_SV_CLASSIFICACAO_FISCAL (
    CD_CLASSIFICACAO_FISCAL   INTEGER NOT NULL,
    NR_CFOP                   INTEGER NOT NULL,
    DS_NATUREZA_OPERACAO      VARCHAR(30) NOT NULL
);

ALTER TABLE T_SV_CLASSIFICACAO_FISCAL ADD CONSTRAINT T_SV_CLASSIFICACAO_FISCAL_PK PRIMARY KEY ( CD_CLASSIFICACAO_FISCAL );
 

ALTER TABLE T_SV_CLASSIFICACAO_FISCAL ADD CONSTRAINT SV_DS_NATUREZA_OPERACAO_UN UNIQUE ( DS_NATUREZA_OPERACAO );

CREATE TABLE T_SV_CLIENTE (
    CD_CLIENTE      INTEGER NOT NULL,
    NM_CLIENTE      VARCHAR(60) NOT NULL,
    DT_NASCIMENTO   DATE,
    DS_SEXO         CHAR(1) NOT NULL,
    NR_CPF          INTEGER NOT NULL,
    NR_CPF_DIG      INTEGER NOT NULL,
    NR_RG           INTEGER NOT NULL,
    NR_RG_DIG       CHAR(1) NOT NULL,
    DS_EMAIL        VARCHAR(80),
    CD_TIPO         INTEGER NOT NULL
);

ALTER TABLE T_SV_CLIENTE ADD CONSTRAINT CK_SV_CLIENTE_SEXO CHECK (
        UPPER(DS_SEXO) = 'F'
    OR
        UPPER(DS_SEXO) = 'M'
);


ALTER TABLE T_SV_CLIENTE ADD CONSTRAINT T_SV_CLIENTE_PK PRIMARY KEY ( CD_CLIENTE );

CREATE TABLE T_SV_ENDERECO (
    CD_ENDERECO      INTEGER NOT NULL,
    NR_NUMERO        INTEGER,
    NR_CEP           VARCHAR(10),
    NR_COMPLEMENTO   VARCHAR(20),
    CD_LOGRADOURO    INTEGER NOT NULL
);

ALTER TABLE T_SV_ENDERECO ADD CONSTRAINT T_SV_ENDERECO_PK PRIMARY KEY ( CD_ENDERECO );

CREATE TABLE T_SV_ESTOQUE (
    CD_LOJA      INTEGER NOT NULL,
    CD_PRODUTO   INTEGER NOT NULL,
    QT_ESTOQUE   INTEGER,
    DT_ESTOQUE   DATE
);

ALTER TABLE T_SV_ESTOQUE ADD CONSTRAINT T_SV_ESTOQUE_PK PRIMARY KEY ( CD_LOJA,CD_PRODUTO );

CREATE TABLE T_SV_FUNCIONARIO (
    NR_MATRICULA                    INTEGER NOT NULL,
    CD_DEPTO                        INTEGER NOT NULL,
    NM_FUNCIONARIO                  VARCHAR(60) NOT NULL,
    DS_SEXO                         CHAR(1) NOT NULL,
    DT_NASCIMENTO                   DATE,
    DT_ADMISSAO                     DATE NOT NULL,
    DS_ENDERECO                     VARCHAR(80) NOT NULL,
    VL_SALARIO                      DECIMAL(8,2) NOT NULL,
    CD_FAIXA_BONIFICACAO            INTEGER NOT NULL,
    CD_LOJA                         INTEGER NOT NULL,
    T_SV_FUNCIONARIO_NR_MATRICULA   INTEGER
);

ALTER TABLE T_SV_FUNCIONARIO ADD CONSTRAINT CK_SV_SALARIO_MIN CHECK (
    VL_SALARIO >= 880
);

ALTER TABLE T_SV_FUNCIONARIO ADD CONSTRAINT T_SV_FUNCIONARIO_PK PRIMARY KEY ( NR_MATRICULA );

CREATE TABLE T_SV_ITEM_NOTA_FISCAL (
    NR_NOTA_FISCAL      INTEGER NOT NULL,
    CD_ITEM             INTEGER NOT NULL,
    CD_PRODUTO          INTEGER NOT NULL,
    QT_VENDIDA          INTEGER NOT NULL,
    VL_PRECO_UNITARIO   DECIMAL(8,2) NOT NULL
);

ALTER TABLE T_SV_ITEM_NOTA_FISCAL ADD CONSTRAINT CK_SV_ITEM_NF_QTDEVEND CHECK (
    QT_VENDIDA > 0
);

ALTER TABLE T_SV_ITEM_NOTA_FISCAL ADD CONSTRAINT T_SV_ITEM_NOTA_FISCAL_PK PRIMARY KEY ( NR_NOTA_FISCAL,CD_ITEM );

CREATE TABLE T_SV_LOGRADOURO (
    CD_LOGRADOURO   INTEGER NOT NULL,
    NM_LOGRADOURO   VARCHAR(60),
    CD_CIDADE       INTEGER NOT NULL
);

ALTER TABLE T_SV_LOGRADOURO ADD CONSTRAINT T_SV_LOGRADOURO_PK PRIMARY KEY ( CD_LOGRADOURO );

CREATE TABLE T_SV_LOJA (
    CD_LOJA       INTEGER NOT NULL,
    NM_LOJA       VARCHAR(25),
    DS_LOJA       VARCHAR(60),
    CD_ENDERECO   INTEGER NOT NULL
);

ALTER TABLE T_SV_LOJA ADD CONSTRAINT T_SV_LOJA_PK PRIMARY KEY ( CD_LOJA );

CREATE TABLE T_SV_NOTA_FISCAL (
    NR_NOTA_FISCAL            INTEGER NOT NULL,
    CD_CLASSIFICACAO_FISCAL   INTEGER NOT NULL,
    CD_CLIENTE                INTEGER NOT NULL,
    NR_MATRICULA              INTEGER NOT NULL,
    DT_EMISSAO                DATE NOT NULL,
    VL_TOTAL_NF               DECIMAL(8,2) NOT NULL,
    DS_TIPO                   INTEGER NOT NULL,
    VL_DESCONTO               DECIMAL(3,1),
    CD_LOJA                   INTEGER NOT NULL,
    CD_PROMOCAO               INTEGER NOT NULL
);

ALTER TABLE T_SV_NOTA_FISCAL ADD CONSTRAINT CK_SV_NF_TIPO CHECK (
    DS_TIPO IN (
        1,2
    )
);

ALTER TABLE T_SV_NOTA_FISCAL ADD CONSTRAINT CK_SV_NF_DESCONTO CHECK (
        VL_DESCONTO >= 0
    AND
        VL_DESCONTO <= 25
);

ALTER TABLE T_SV_NOTA_FISCAL ADD CONSTRAINT T_SV_NOTA_FISCAL_PK PRIMARY KEY ( NR_NOTA_FISCAL );

CREATE TABLE T_SV_PRODUTO (
    CD_PRODUTO            INTEGER NOT NULL,
    CD_UNIDADE_MEDIDA     INTEGER NOT NULL,
    DS_PRODUTO            VARCHAR(20) NOT NULL,
    DS_COMPLETA_PRODUTO   VARCHAR(240) NOT NULL,
    VL_PRECO_UNITARIO     REAL NOT NULL
);

ALTER TABLE T_SV_PRODUTO ADD CONSTRAINT CK_SV_PROD_PRECO CHECK (
    VL_PRECO_UNITARIO > 0
);

ALTER TABLE T_SV_PRODUTO ADD CONSTRAINT T_SV_PRODUTO_PK PRIMARY KEY ( CD_PRODUTO );

ALTER TABLE T_SV_PRODUTO ADD CONSTRAINT T_SV_PRODUTO_DS_PRODUTO_UN UNIQUE ( DS_PRODUTO );

CREATE TABLE T_SV_TIPO_CLIENTE (
    CD_TIPO   INTEGER NOT NULL,
    NM_TIPO   VARCHAR(25),
    DS_TIPO   VARCHAR(60)
);

ALTER TABLE T_SV_TIPO_CLIENTE ADD CONSTRAINT T_SV_TIPO_CLIENTE_PK PRIMARY KEY ( CD_TIPO );

CREATE TABLE T_SV_UF (
    CD_UF   INTEGER NOT NULL,
    SG_UF   VARCHAR(2)
);

ALTER TABLE T_SV_UF ADD CONSTRAINT T_SV_UF_PK PRIMARY KEY ( CD_UF );

CREATE TABLE T_SV_UNIDADE_MEDIDA (
    CD_UNIDADE_MEDIDA   INTEGER NOT NULL,
    DS_SIGLA            CHAR(3) NOT NULL,
    DS_UNIDADE_MEDIDA   VARCHAR(30) NOT NULL
);

ALTER TABLE T_SV_UNIDADE_MEDIDA ADD CONSTRAINT T_SV_UNIDADE_MEDIDA_PK PRIMARY KEY ( CD_UNIDADE_MEDIDA );

ALTER TABLE T_SV_UNIDADE_MEDIDA ADD CONSTRAINT SV_DS_UNIDADE_MEDIDA_UN UNIQUE ( DS_UNIDADE_MEDIDA );

ALTER TABLE T_SV_CIDADE ADD CONSTRAINT T_SV_CIDADE_T_SV_UF_FK FOREIGN KEY ( CD_UF )
    REFERENCES T_SV_UF ( CD_UF );

ALTER TABLE T_SV_CLIENTE ADD CONSTRAINT T_SV_TIPO_CLIENTE_FK FOREIGN KEY ( CD_TIPO )
    REFERENCES T_SV_TIPO_CLIENTE ( CD_TIPO );

ALTER TABLE T_SV_ENDERECO ADD CONSTRAINT T_SV_LOGRADOURO_FK FOREIGN KEY ( CD_LOGRADOURO )
    REFERENCES T_SV_LOGRADOURO ( CD_LOGRADOURO );

ALTER TABLE T_SV_ESTOQUE ADD CONSTRAINT T_SV_ESTOQUE_T_SV_LOJA_FK FOREIGN KEY ( CD_LOJA )
    REFERENCES T_SV_LOJA ( CD_LOJA );

ALTER TABLE T_SV_ESTOQUE ADD CONSTRAINT T_SV_ESTOQUE_T_SV_PRODUTO_FK FOREIGN KEY ( CD_PRODUTO )
    REFERENCES T_SV_PRODUTO ( CD_PRODUTO );

ALTER TABLE T_SV_FUNCIONARIO ADD CONSTRAINT T_SV_LOJA_FK FOREIGN KEY ( CD_LOJA )
    REFERENCES T_SV_LOJA ( CD_LOJA );
 
ALTER TABLE T_SV_ITEM_NOTA_FISCAL ADD CONSTRAINT T_SV_NOTA_FISCAL_FK FOREIGN KEY ( NR_NOTA_FISCAL )
    REFERENCES T_SV_NOTA_FISCAL ( NR_NOTA_FISCAL );

ALTER TABLE T_SV_ITEM_NOTA_FISCAL ADD CONSTRAINT T_SV_PRODUTO_FK FOREIGN KEY ( CD_PRODUTO )
    REFERENCES T_SV_PRODUTO ( CD_PRODUTO );

ALTER TABLE T_SV_LOGRADOURO ADD CONSTRAINT T_SV_CIDADE_FK FOREIGN KEY ( CD_CIDADE )
    REFERENCES T_SV_CIDADE ( CD_CIDADE );

ALTER TABLE T_SV_LOJA ADD CONSTRAINT T_SV_LOJA_T_SV_ENDERECO_FK FOREIGN KEY ( CD_ENDERECO )
    REFERENCES T_SV_ENDERECO ( CD_ENDERECO );

ALTER TABLE T_SV_NOTA_FISCAL ADD CONSTRAINT T_SV_CLASSIFICACAO_FISCAL_FK FOREIGN KEY ( CD_CLASSIFICACAO_FISCAL )
    REFERENCES T_SV_CLASSIFICACAO_FISCAL ( CD_CLASSIFICACAO_FISCAL );

ALTER TABLE T_SV_NOTA_FISCAL ADD CONSTRAINT T_SV_CLIENTE_FK FOREIGN KEY ( CD_CLIENTE )
    REFERENCES T_SV_CLIENTE ( CD_CLIENTE );

ALTER TABLE T_SV_NOTA_FISCAL ADD CONSTRAINT T_SV_FUNCIONARIO_FK FOREIGN KEY ( NR_MATRICULA )
    REFERENCES T_SV_FUNCIONARIO ( NR_MATRICULA );

ALTER TABLE T_SV_NOTA_FISCAL ADD CONSTRAINT T_SV_NF_LOJA_FK FOREIGN KEY ( CD_LOJA )
    REFERENCES T_SV_LOJA ( CD_LOJA );

ALTER TABLE T_SV_PRODUTO ADD CONSTRAINT T_SV_UNIDADE_MEDIDA_FK FOREIGN KEY ( CD_UNIDADE_MEDIDA )
    REFERENCES T_SV_UNIDADE_MEDIDA ( CD_UNIDADE_MEDIDA );

-- INSERINDO DADOS NA TABELA TIPO CLIENTE
INSERT INTO T_SV_TIPO_CLIENTE (CD_TIPO,NM_TIPO,DS_TIPO) VALUES (1,'BÁSICO','COMPRAS MÉDIAS ABAIXO DE R$2.000,00');
INSERT INTO T_SV_TIPO_CLIENTE (CD_TIPO,NM_TIPO,DS_TIPO) VALUES (2,'INTEMEDIÁRIO','COMPRAS MÉDIAS ENTRE R$2.000,00 E R$5.000,00');
INSERT INTO T_SV_TIPO_CLIENTE (CD_TIPO,NM_TIPO,DS_TIPO) VALUES (3,'ESPECIAL','COMPRAS MÉDIAS ACIMA DE R$5.000,00');

INSERT INTO T_SV_UF (CD_UF,SG_UF) VALUES (1,'SP');
INSERT INTO T_SV_UF (CD_UF,SG_UF) VALUES (2,'RJ');
INSERT INTO T_SV_UF (CD_UF,SG_UF) VALUES (3,'MG');

INSERT INTO T_SV_CIDADE (CD_CIDADE,NM_CIDADE,CD_UF) VALUES (1,'SÃO PAULO', 1);
INSERT INTO T_SV_CIDADE (CD_CIDADE,NM_CIDADE,CD_UF) VALUES (2,'RIO DE JANEIRO', 2);
INSERT INTO T_SV_CIDADE (CD_CIDADE,NM_CIDADE,CD_UF) VALUES (3,'BELO HORIZONTE', 3);

INSERT INTO T_SV_LOGRADOURO (CD_LOGRADOURO,NM_LOGRADOURO,CD_CIDADE) VALUES (1,'AV. FARIA LIMA',1);
INSERT INTO T_SV_LOGRADOURO (CD_LOGRADOURO,NM_LOGRADOURO,CD_CIDADE) VALUES (2,'R. MARECHAL DEODORO',2);
INSERT INTO T_SV_LOGRADOURO (CD_LOGRADOURO,NM_LOGRADOURO,CD_CIDADE) VALUES (3,'R. ARTUR BERNARDES',3);

INSERT INTO T_SV_ENDERECO (CD_ENDERECO,NR_NUMERO,NR_CEP,NR_COMPLEMENTO,CD_LOGRADOURO) VALUES (1,160,'11060400',NULL,1);
INSERT INTO T_SV_ENDERECO (CD_ENDERECO,NR_NUMERO,NR_CEP,NR_COMPLEMENTO,CD_LOGRADOURO) VALUES (2,20,'23065067',NULL,2);
INSERT INTO T_SV_ENDERECO (CD_ENDERECO,NR_NUMERO,NR_CEP,NR_COMPLEMENTO,CD_LOGRADOURO) VALUES (3,80,'30150110',NULL,3);

-- INSERINDO DADOS NA TABELA LOJA
INSERT INTO T_SV_LOJA (CD_LOJA, NM_LOJA, DS_LOJA, CD_ENDERECO) VALUES (1,'LOJA IGUATEMI','LOJA SÃO PAULO',1);
INSERT INTO T_SV_LOJA (CD_LOJA, NM_LOJA, DS_LOJA, CD_ENDERECO) VALUES (2,'LOJA  BARRA','LOJA RIO DE JANEIRO',2);
INSERT INTO T_SV_LOJA (CD_LOJA, NM_LOJA, DS_LOJA, CD_ENDERECO) VALUES (3,'LOJA  BH','LOJA MINAS GERAIS',3);


-- INSERINDO DADOS NA TABELA FUNCIONARIO
INSERT INTO T_SV_FUNCIONARIO (NR_MATRICULA,CD_DEPTO,NM_FUNCIONARIO,DS_SEXO,DT_NASCIMENTO,DT_ADMISSAO,DS_ENDERECO,VL_SALARIO,CD_FAIXA_BONIFICACAO, CD_LOJA) VALUES (1234,1,'ANA MARIA','F',TO_DATE('10/02/86','DD/MM/RR'),TO_DATE('09/08/10','DD/MM/RR'),'R. DARIO PEREIRA, 23',1234.56,1,1);
INSERT INTO T_SV_FUNCIONARIO (NR_MATRICULA,CD_DEPTO,NM_FUNCIONARIO,DS_SEXO,DT_NASCIMENTO,DT_ADMISSAO,DS_ENDERECO,VL_SALARIO,CD_FAIXA_BONIFICACAO, CD_LOJA) VALUES (1235,2,'ROSA MARIA','F',TO_DATE('15/08/70','DD/MM/RR'),TO_DATE('07/06/05','DD/MM/RR'),'TRAV. DAS LÁGRIMAS, 34',2345,1,1);
INSERT INTO T_SV_FUNCIONARIO (NR_MATRICULA,CD_DEPTO,NM_FUNCIONARIO,DS_SEXO,DT_NASCIMENTO,DT_ADMISSAO,DS_ENDERECO,VL_SALARIO,CD_FAIXA_BONIFICACAO, CD_LOJA) VALUES (1236,1,'ANTONIA CAMARGO','F',TO_DATE('18/07/86','DD/MM/RR'),TO_DATE('11/02/03','DD/MM/RR'),'PÇ. XV DE NOVEMBRO, 219',7654.99,1,2);
INSERT INTO T_SV_FUNCIONARIO (NR_MATRICULA,CD_DEPTO,NM_FUNCIONARIO,DS_SEXO,DT_NASCIMENTO,DT_ADMISSAO,DS_ENDERECO,VL_SALARIO,CD_FAIXA_BONIFICACAO, CD_LOJA) VALUES (1237,2,'JOÃO DA SILVA','M',NULL,TO_DATE('08/09/11','DD/MM/RR'),'AV. NAÇÕES UNIDAS, 10200',3452.12,2,2);
INSERT INTO T_SV_FUNCIONARIO (NR_MATRICULA,CD_DEPTO,NM_FUNCIONARIO,DS_SEXO,DT_NASCIMENTO,DT_ADMISSAO,DS_ENDERECO,VL_SALARIO,CD_FAIXA_BONIFICACAO, CD_LOJA) VALUES (1238,1,'JOAQUIM XAVIER','M',TO_DATE('21/04/87','DD/MM/RR'),TO_DATE('05/04/10','DD/MM/RR'),'R. GIL VICENTE, 45',980,2,2);
INSERT INTO T_SV_FUNCIONARIO (NR_MATRICULA,CD_DEPTO,NM_FUNCIONARIO,DS_SEXO,DT_NASCIMENTO,DT_ADMISSAO,DS_ENDERECO,VL_SALARIO,CD_FAIXA_BONIFICACAO, CD_LOJA) VALUES (1239,2,'JOSÉ MARIA','M',TO_DATE('08/09/98','DD/MM/RR'),TO_DATE('17/03/09','DD/MM/RR'),'AV. PAULISTA, 23',1789,3,3);
INSERT INTO T_SV_FUNCIONARIO (NR_MATRICULA,CD_DEPTO,NM_FUNCIONARIO,DS_SEXO,DT_NASCIMENTO,DT_ADMISSAO,DS_ENDERECO,VL_SALARIO,CD_FAIXA_BONIFICACAO, CD_LOJA) VALUES (1240,1,'JOSÉ LISBOA','M',TO_DATE('07/10/96','DD/MM/RR'),TO_DATE('17/03/09','DD/MM/RR'),'AV. PAULISTA, 99',1780,3,3);


-- INSERINDO DADOS NA TABELA UNIDADE DE MEDIDA
INSERT INTO T_SV_UNIDADE_MEDIDA (CD_UNIDADE_MEDIDA, DS_SIGLA, DS_UNIDADE_MEDIDA) VALUES (1,'CXA', 'CAIXA');
INSERT INTO T_SV_UNIDADE_MEDIDA (CD_UNIDADE_MEDIDA, DS_SIGLA, DS_UNIDADE_MEDIDA) VALUES (2,'PCT', 'PACOTE');
INSERT INTO T_SV_UNIDADE_MEDIDA (CD_UNIDADE_MEDIDA, DS_SIGLA, DS_UNIDADE_MEDIDA) VALUES (3,'PCA', 'PEÇA');
INSERT INTO T_SV_UNIDADE_MEDIDA (CD_UNIDADE_MEDIDA, DS_SIGLA, DS_UNIDADE_MEDIDA) VALUES (4,'MAQ', 'MAQUINA');
INSERT INTO T_SV_UNIDADE_MEDIDA (CD_UNIDADE_MEDIDA, DS_SIGLA, DS_UNIDADE_MEDIDA) VALUES (5,'EQP', 'EQUIPAMENTO');


-- CONSULTANDO A TABELA
SELECT * FROM T_SV_UNIDADE_MEDIDA;  

-- INSERINDO DADOS NA TABELA CLASSIFICACAO_FISCAL
INSERT INTO T_SV_CLASSIFICACAO_FISCAL (CD_CLASSIFICACAO_FISCAL, NR_CFOP, DS_NATUREZA_OPERACAO) VALUES (1,5012, 'VENDA');
INSERT INTO T_SV_CLASSIFICACAO_FISCAL (CD_CLASSIFICACAO_FISCAL, NR_CFOP, DS_NATUREZA_OPERACAO) VALUES (2,5012, 'BRINDE');
INSERT INTO T_SV_CLASSIFICACAO_FISCAL (CD_CLASSIFICACAO_FISCAL, NR_CFOP, DS_NATUREZA_OPERACAO) VALUES (3,2365, 'COMPRA');
INSERT INTO T_SV_CLASSIFICACAO_FISCAL (CD_CLASSIFICACAO_FISCAL, NR_CFOP, DS_NATUREZA_OPERACAO) VALUES (4,1234, 'DEVOLUÇÃO');


-- CONSULTANDO A TABELA
SELECT * FROM T_SV_CLASSIFICACAO_FISCAL;  

-- INSERINDO DADOS NA TABELA CLIENTE
INSERT INTO T_SV_CLIENTE 
    (CD_CLIENTE, NM_CLIENTE, DT_NASCIMENTO, DS_SEXO, NR_CPF, NR_CPF_DIG, NR_RG, NR_RG_DIG, DS_EMAIL,CD_TIPO) 
  VALUES 
    (1,'MARIA DAS DORES', TO_DATE('21/04/1987','DD/MM/YYYY'), 'F', 92876345,01, 21356789 , 'X','MARIAJOSE@MARIAJOSE.COM.BR',1);
    
INSERT INTO T_SV_CLIENTE 
    (CD_CLIENTE, NM_CLIENTE, DT_NASCIMENTO, DS_SEXO, NR_CPF, NR_CPF_DIG, NR_RG, NR_RG_DIG, DS_EMAIL,CD_TIPO) 
  VALUES 
    (2,'ANA MARIA', TO_DATE('10/02/1986','DD/MM/YYYY'), 'F', 98764532, 18, 12345678, 9,'ANAMARIA@ANAMARIA.COM.BR',2);
    
INSERT INTO T_SV_CLIENTE 
    (CD_CLIENTE, NM_CLIENTE, DT_NASCIMENTO, DS_SEXO, NR_CPF, NR_CPF_DIG, NR_RG, NR_RG_DIG, DS_EMAIL,CD_TIPO) 
  VALUES 
    (3,'JOÃO DA SILVA', TO_DATE('08/09/1991','DD/MM/YYYY'), 'M', 12387654, 31, 98765432, 1,'JOAOSILVA@JOAOSILVA.COM.BR',1);

INSERT INTO T_SV_CLIENTE 
    (CD_CLIENTE, NM_CLIENTE, DT_NASCIMENTO, DS_SEXO, NR_CPF, NR_CPF_DIG, NR_RG, NR_RG_DIG, DS_EMAIL,CD_TIPO) 
  VALUES 
    (5,'JOAQUIM XAVIER', TO_DATE('21/04/1988','DD/MM/YYYY'), 'M', 213141516, 11, 198273641, 'X','JOAQUIMXAVIER@JOAQUIMXAVIER.COM.BR',3);


-- INSERINDO DADOS NA TABELA PRODUTO
INSERT INTO T_SV_PRODUTO 
    (CD_PRODUTO, CD_UNIDADE_MEDIDA, DS_PRODUTO, DS_COMPLETA_PRODUTO, VL_PRECO_UNITARIO) 
  VALUES 
    (1,1,'NOTEBOOK SENSACIONAL', 'NOTEBOOK XPTO ESPECIAL', 1980.56);

INSERT INTO T_SV_PRODUTO 
    (CD_PRODUTO, CD_UNIDADE_MEDIDA,DS_PRODUTO,DS_COMPLETA_PRODUTO,VL_PRECO_UNITARIO) 
  VALUES 
    (2,1, 'IMPRESSORA X3', 'IMPRESSORA MULTIFUNCIONAL HP', 432.89);

INSERT INTO T_SV_PRODUTO 
    (CD_PRODUTO, CD_UNIDADE_MEDIDA,DS_PRODUTO,DS_COMPLETA_PRODUTO,VL_PRECO_UNITARIO) 
  VALUES 
    (3,1, 'PEN DRIVE - 16GB', 'PEN DRIVE 16GB KINGSTON', 60.00);
    
INSERT INTO T_SV_PRODUTO 
    (CD_PRODUTO, CD_UNIDADE_MEDIDA,DS_PRODUTO,DS_COMPLETA_PRODUTO,VL_PRECO_UNITARIO) 
  VALUES 
    (4,1, 'PEN DRIVE - 32GB', 'PEN DRIVE 32GB KINGSTON', 108.00);
    
INSERT INTO T_SV_PRODUTO 
    (CD_PRODUTO, CD_UNIDADE_MEDIDA,DS_PRODUTO,DS_COMPLETA_PRODUTO,VL_PRECO_UNITARIO) 
  VALUES 
    (5,1, 'HD EXTERNO - 500GB', 'HD EXTERNO SAMSUNG - 500 GB', 305.00);

INSERT INTO T_SV_PRODUTO 
    (CD_PRODUTO, CD_UNIDADE_MEDIDA,DS_PRODUTO,DS_COMPLETA_PRODUTO,VL_PRECO_UNITARIO) 
  VALUES 
    (6,1, 'HD EXTERNO - 1TB', 'HD EXTERNO SAMSUNG -1 TB', 870.00);  
  

-- INSERINDO DADOS NA TABELA NOTA_FISCAL
INSERT INTO T_SV_NOTA_FISCAL 
    (NR_NOTA_FISCAL, CD_CLASSIFICACAO_FISCAL, CD_CLIENTE, NR_MATRICULA, DT_EMISSAO, VL_TOTAL_NF, DS_TIPO, VL_DESCONTO,CD_LOJA,CD_PROMOCAO) 
  VALUES 
    (1234, 1,1, 1234, TO_DATE('28/04/2017','DD/MM/YYYY'),870.00,2,2.5,1,1001);
INSERT INTO T_SV_NOTA_FISCAL 
    (NR_NOTA_FISCAL, CD_CLASSIFICACAO_FISCAL, CD_CLIENTE, NR_MATRICULA, DT_EMISSAO, VL_TOTAL_NF, DS_TIPO, VL_DESCONTO, CD_LOJA,CD_PROMOCAO) 
  VALUES 
    (1235, 1,2, 1234, TO_DATE('28/04/2017','DD/MM/YYYY'),930.00,2,2,2,1001);
    
INSERT INTO T_SV_NOTA_FISCAL 
    (NR_NOTA_FISCAL, CD_CLASSIFICACAO_FISCAL, CD_CLIENTE, NR_MATRICULA, DT_EMISSAO, VL_TOTAL_NF, DS_TIPO, VL_DESCONTO, CD_LOJA,CD_PROMOCAO) 
  VALUES 
    (1236, 2,3,1235, TO_DATE('28/04/2017','DD/MM/YYYY'),60.00,2, NULL,3,1002);


-- INSERINDO DADOS NA TABELA ITEM_NOTA_FISCAL
INSERT INTO T_SV_ITEM_NOTA_FISCAL 
    (NR_NOTA_FISCAL, CD_ITEM, CD_PRODUTO, QT_VENDIDA, VL_PRECO_UNITARIO) 
  VALUES 
    (1234, 1,6,1,870.00);
    
INSERT INTO T_SV_ITEM_NOTA_FISCAL 
    (NR_NOTA_FISCAL, CD_ITEM, CD_PRODUTO, QT_VENDIDA, VL_PRECO_UNITARIO) 
  VALUES 
    (1235, 1,6,1,870.00);
    
INSERT INTO T_SV_ITEM_NOTA_FISCAL 
    (NR_NOTA_FISCAL, CD_ITEM, CD_PRODUTO, QT_VENDIDA, VL_PRECO_UNITARIO) 
  VALUES 
    (1235, 2,3,1,60.00);

INSERT INTO T_SV_ITEM_NOTA_FISCAL 
    (NR_NOTA_FISCAL, CD_ITEM, CD_PRODUTO, QT_VENDIDA, VL_PRECO_UNITARIO) 
  VALUES 
    (1236, 1,3,1,60.00);